,Title,Link
0,Dune: Part Two,https://www.rottentomatoes.com/m/the_zone_of_interest
1,Io Capitano,https://www.rottentomatoes.com/m/the_zone_of_interest
2,Orion and the Dark,https://www.rottentomatoes.com/m/the_zone_of_interest
3,Curb Your Enthusiasm: Season 12,https://www.rottentomatoes.com/m/the_zone_of_interest
4,The Banker,https://www.rottentomatoes.com/m/the_zone_of_interest
5,12 Mighty Orphans,https://www.rottentomatoes.com/m/the_zone_of_interest
6,The Innocents,https://www.rottentomatoes.com/m/the_zone_of_interest
7,Frantz,https://www.rottentomatoes.com/m/the_zone_of_interest
8,A Call to Spy,https://www.rottentomatoes.com/m/the_zone_of_interest
9,The Zone of Interest: Exclusive Featurette - A Rare Perspective,https://www.rottentomatoes.com/m/the_zone_of_interest
10,The Zone of Interest: Trailer 2,https://www.rottentomatoes.com/m/the_zone_of_interest
11,The Zone of Interest: Trailer 1,https://www.rottentomatoes.com/m/the_zone_of_interest
12,Dune: Part Two,https://www.rottentomatoes.com/m/dune_2021
13,Io Capitano,https://www.rottentomatoes.com/m/dune_2021
14,Orion and the Dark,https://www.rottentomatoes.com/m/dune_2021
15,Curb Your Enthusiasm: Season 12,https://www.rottentomatoes.com/m/dune_2021
16,Dune: Part Two,https://www.rottentomatoes.com/m/dune_2021
17,Pacific Rim Uprising,https://www.rottentomatoes.com/m/dune_2021
18,Kong: Skull Island,https://www.rottentomatoes.com/m/dune_2021
19,Ready Player One,https://www.rottentomatoes.com/m/dune_2021
20,Avatar: The Way of Water,https://www.rottentomatoes.com/m/dune_2021
21,Dune: Featurette - Designing the Sandworm,https://www.rottentomatoes.com/m/dune_2021
22,"Dune Discussion (Spoilers): Big Moments, Shocks, Surprises | Rotten Tomatoes",https://www.rottentomatoes.com/m/dune_2021
23,Denis Villeneuve Talks Bringing Teenage Dreams to Life In ‘Dune’,https://www.rottentomatoes.com/m/dune_2021
24,Dune: Final Trailer,https://www.rottentomatoes.com/m/dune_2021
25,Timothée Chalamet and Zendaya Say ‘Dune’ is “Insanely Huge” and “We’re Ready to Go” for Part 2,https://www.rottentomatoes.com/m/dune_2021
26,Dune: Featurette - Celestial Sounds,https://www.rottentomatoes.com/m/dune_2021
27,Dune: Featurette - Desert Visions,https://www.rottentomatoes.com/m/dune_2021
28,Dune: Featurette - The Royal Houses,https://www.rottentomatoes.com/m/dune_2021
29,Dune: Trailer 2,https://www.rottentomatoes.com/m/dune_2021
30,What Did We Learn From the First 'Dune' Trailer?,https://www.rottentomatoes.com/m/dune_2021
31,Dune: Featurette - Official Q&A,https://www.rottentomatoes.com/m/dune_2021
32,Dune: Trailer 1,https://www.rottentomatoes.com/m/dune_2021
33,Everything We Know About 'Dune',https://www.rottentomatoes.com/m/dune_2021
34,Dune: Part Two,https://www.rottentomatoes.com/m/all_of_us_strangers
35,Io Capitano,https://www.rottentomatoes.com/m/all_of_us_strangers
36,Orion and the Dark,https://www.rottentomatoes.com/m/all_of_us_strangers
37,Curb Your Enthusiasm: Season 12,https://www.rottentomatoes.com/m/all_of_us_strangers
38,A Ghost Story,https://www.rottentomatoes.com/m/all_of_us_strangers
39,The Laureate,https://www.rottentomatoes.com/m/all_of_us_strangers
40,Empire of Light,https://www.rottentomatoes.com/m/all_of_us_strangers
41,One Fine Morning,https://www.rottentomatoes.com/m/all_of_us_strangers
42,Cold War,https://www.rottentomatoes.com/m/all_of_us_strangers
43,All of Us Strangers: Exclusive Extended Preview,https://www.rottentomatoes.com/m/all_of_us_strangers
44,All of Us Strangers: Movie Clip - Do I Scare You?,https://www.rottentomatoes.com/m/all_of_us_strangers
45,All of Us Strangers: Movie Clip - Hi,https://www.rottentomatoes.com/m/all_of_us_strangers
46,All of Us Strangers: Movie Clip - You Were Just a Boy,https://www.rottentomatoes.com/m/all_of_us_strangers
47,All of Us Strangers: Trailer 2,https://www.rottentomatoes.com/m/all_of_us_strangers
48,All of Us Strangers: Featurette - A Haunting Story,https://www.rottentomatoes.com/m/all_of_us_strangers
49,All of Us Strangers: Trailer 1,https://www.rottentomatoes.com/m/all_of_us_strangers
50,Dune: Part Two,https://www.rottentomatoes.com/m/anyone_but_you_2023
51,Io Capitano,https://www.rottentomatoes.com/m/anyone_but_you_2023
52,Orion and the Dark,https://www.rottentomatoes.com/m/anyone_but_you_2023
53,Curb Your Enthusiasm: Season 12,https://www.rottentomatoes.com/m/anyone_but_you_2023
54,Friends With Benefits,https://www.rottentomatoes.com/m/anyone_but_you_2023
55,At Midnight,https://www.rottentomatoes.com/m/anyone_but_you_2023
56,Beautiful Wedding,https://www.rottentomatoes.com/m/anyone_but_you_2023
57,I Want You Back,https://www.rottentomatoes.com/m/anyone_but_you_2023
58,No Hard Feelings,https://www.rottentomatoes.com/m/anyone_but_you_2023
59,Anyone But You: Extended Preview,https://www.rottentomatoes.com/m/anyone_but_you_2023
60,Anyone But You: Exclusive Featurette - Faking It,https://www.rottentomatoes.com/m/anyone_but_you_2023
61,Anyone But You: Trailer 1,https://www.rottentomatoes.com/m/anyone_but_you_2023
62,Anyone But You: Teaser Trailer,https://www.rottentomatoes.com/m/anyone_but_you_2023
63,Dune: Part Two,https://www.rottentomatoes.com/m/double_blind
64,Io Capitano,https://www.rottentomatoes.com/m/double_blind
65,Orion and the Dark,https://www.rottentomatoes.com/m/double_blind
66,Curb Your Enthusiasm: Season 12,https://www.rottentomatoes.com/m/double_blind
67,Double Blind: Trailer 1,https://www.rottentomatoes.com/m/double_blind
68,Dune: Part Two,https://www.rottentomatoes.com/m/american_fiction
69,Io Capitano,https://www.rottentomatoes.com/m/american_fiction
70,Orion and the Dark,https://www.rottentomatoes.com/m/american_fiction
71,Curb Your Enthusiasm: Season 12,https://www.rottentomatoes.com/m/american_fiction
72,Late Night,https://www.rottentomatoes.com/m/american_fiction
73,Poor Things,https://www.rottentomatoes.com/m/american_fiction
74,"Bardo, False Chronicle of a Handful of Truths",https://www.rottentomatoes.com/m/american_fiction
75,The Professor,https://www.rottentomatoes.com/m/american_fiction
76,Babylon,https://www.rottentomatoes.com/m/american_fiction
77,American Fiction: Exclusive Featurette - American Artist,https://www.rottentomatoes.com/m/american_fiction
78,Sterling K. Brown Breaks Down His Career and Talks ‘American Fiction’,https://www.rottentomatoes.com/m/american_fiction
79,American Fiction: Trailer 2,https://www.rottentomatoes.com/m/american_fiction
80,American Fiction: Featurette - Page to Screen,https://www.rottentomatoes.com/m/american_fiction
81,American Fiction: Movie Clip - Bookstore,https://www.rottentomatoes.com/m/american_fiction
82,American Fiction: Featurette - First Look,https://www.rottentomatoes.com/m/american_fiction
83,"American Fiction: Featurette - Jeffrey Wright Is “Monk""",https://www.rottentomatoes.com/m/american_fiction
84,American Fiction: Trailer 1,https://www.rottentomatoes.com/m/american_fiction
85,Dune: Part Two,https://www.rottentomatoes.com/m/the_beekeeper_2024
86,Io Capitano,https://www.rottentomatoes.com/m/the_beekeeper_2024
87,Orion and the Dark,https://www.rottentomatoes.com/m/the_beekeeper_2024
88,Curb Your Enthusiasm: Season 12,https://www.rottentomatoes.com/m/the_beekeeper_2024
89,Shiri,https://www.rottentomatoes.com/m/the_beekeeper_2024
90,Dangerous,https://www.rottentomatoes.com/m/the_beekeeper_2024
91,High Heat,https://www.rottentomatoes.com/m/the_beekeeper_2024
92,Monkey Man,https://www.rottentomatoes.com/m/the_beekeeper_2024
93,Pursuit,https://www.rottentomatoes.com/m/the_beekeeper_2024
94,The Beekeeper: Movie Clip - Bridge,https://www.rottentomatoes.com/m/the_beekeeper_2024
95,The Beekeeper: Featurette - Who is The Beekeeper?,https://www.rottentomatoes.com/m/the_beekeeper_2024
96,The Beekeeper: Featurette - Stunts,https://www.rottentomatoes.com/m/the_beekeeper_2024
97,The Beekeeper: Movie Clip - Elevator Shaft,https://www.rottentomatoes.com/m/the_beekeeper_2024
98,The Beekeeper: Movie Clip - FBI Field Office,https://www.rottentomatoes.com/m/the_beekeeper_2024
99,The Beekeeper: Movie Clip - Call Center is an Ashtray,https://www.rottentomatoes.com/m/the_beekeeper_2024
100,The Beekeeper: Movie Clip - I Think I Should Call The Bank,https://www.rottentomatoes.com/m/the_beekeeper_2024
101,The Beekeeper: Movie Clip - I'm a Beekeeper,https://www.rottentomatoes.com/m/the_beekeeper_2024
102,The Beekeeper: Exclusive Featurette - First Look,https://www.rottentomatoes.com/m/the_beekeeper_2024
103,The Beekeeper: Trailer 1,https://www.rottentomatoes.com/m/the_beekeeper_2024
104,Dune: Part Two,https://www.rottentomatoes.com/m/anatomy_of_a_fall
105,Io Capitano,https://www.rottentomatoes.com/m/anatomy_of_a_fall
106,Orion and the Dark,https://www.rottentomatoes.com/m/anatomy_of_a_fall
107,Curb Your Enthusiasm: Season 12,https://www.rottentomatoes.com/m/anatomy_of_a_fall
108,Delia's Gone,https://www.rottentomatoes.com/m/anatomy_of_a_fall
109,The Good Mother,https://www.rottentomatoes.com/m/anatomy_of_a_fall
110,Brothers by Blood,https://www.rottentomatoes.com/m/anatomy_of_a_fall
111,The Devil You Know,https://www.rottentomatoes.com/m/anatomy_of_a_fall
112,Finestkind,https://www.rottentomatoes.com/m/anatomy_of_a_fall
113,Anatomy of a Fall: Trailer 1,https://www.rottentomatoes.com/m/anatomy_of_a_fall
114,Dune: Part Two,https://www.rottentomatoes.com/m/the_iron_claw_2023
115,Io Capitano,https://www.rottentomatoes.com/m/the_iron_claw_2023
116,Orion and the Dark,https://www.rottentomatoes.com/m/the_iron_claw_2023
117,Curb Your Enthusiasm: Season 12,https://www.rottentomatoes.com/m/the_iron_claw_2023
118,Molly's Game,https://www.rottentomatoes.com/m/the_iron_claw_2023
119,Cassandro,https://www.rottentomatoes.com/m/the_iron_claw_2023
120,Beautiful Boy,https://www.rottentomatoes.com/m/the_iron_claw_2023
121,Being the Ricardos,https://www.rottentomatoes.com/m/the_iron_claw_2023
122,Skin,https://www.rottentomatoes.com/m/the_iron_claw_2023
123,The Iron Claw: Featurette - Jeremy Allen White Performance,https://www.rottentomatoes.com/m/the_iron_claw_2023
124,'The Iron Claw' Cast on Creating a Brotherhood,https://www.rottentomatoes.com/m/the_iron_claw_2023
125,The Iron Claw: Featurette - First Look,https://www.rottentomatoes.com/m/the_iron_claw_2023
126,The Iron Claw: Exclusive Spot - Challengers,https://www.rottentomatoes.com/m/the_iron_claw_2023
127,The Iron Claw: Trailer 1,https://www.rottentomatoes.com/m/the_iron_claw_2023
128,Dune: Part Two,https://www.rottentomatoes.com/m/poor_things
129,Io Capitano,https://www.rottentomatoes.com/m/poor_things
130,Orion and the Dark,https://www.rottentomatoes.com/m/poor_things
131,Curb Your Enthusiasm: Season 12,https://www.rottentomatoes.com/m/poor_things
132,Frank,https://www.rottentomatoes.com/m/poor_things
133,The Persian Version,https://www.rottentomatoes.com/m/poor_things
134,The Favourite,https://www.rottentomatoes.com/m/poor_things
135,How It Ends,https://www.rottentomatoes.com/m/poor_things
136,Honk for Jesus. Save Your Soul.,https://www.rottentomatoes.com/m/poor_things
137,Poor Things: Featurette - Costumes,https://www.rottentomatoes.com/m/poor_things
138,10 Best Emma Stone Movies,https://www.rottentomatoes.com/m/poor_things
139,Poor Things: Featurette - The World of Poor Things,https://www.rottentomatoes.com/m/poor_things
140,Poor Things: Movie Clip - Dancing Scene,https://www.rottentomatoes.com/m/poor_things
141,"‘Poor Things’ Cast on Their Character Personas, On-Set Pranks, & More",https://www.rottentomatoes.com/m/poor_things
142,"What to Watch: Poor Things, New Studio Ghibli Movie, Julia Roberts Apocalypse Movie, & More!",https://www.rottentomatoes.com/m/poor_things
143,Poor Things: Movie Clip - That Seems Low,https://www.rottentomatoes.com/m/poor_things
144,Poor Things: Featurette - Who is Bella Baxter?,https://www.rottentomatoes.com/m/poor_things
145,Poor Things: Exclusive Movie Clip - You're in my Sun,https://www.rottentomatoes.com/m/poor_things
146,Poor Things: International Trailer,https://www.rottentomatoes.com/m/poor_things
147,Poor Things: Extended Look Trailer,https://www.rottentomatoes.com/m/poor_things
148,Poor Things: Featurette - Bella,https://www.rottentomatoes.com/m/poor_things
149,Poor Things: Trailer 1,https://www.rottentomatoes.com/m/poor_things
150,Poor Things: Teaser,https://www.rottentomatoes.com/m/poor_things
151,Dune: Part Two,https://www.rottentomatoes.com/m/oppenheimer_2023
152,Io Capitano,https://www.rottentomatoes.com/m/oppenheimer_2023
153,Orion and the Dark,https://www.rottentomatoes.com/m/oppenheimer_2023
154,Curb Your Enthusiasm: Season 12,https://www.rottentomatoes.com/m/oppenheimer_2023
155,Resistance,https://www.rottentomatoes.com/m/oppenheimer_2023
156,Padre Pio,https://www.rottentomatoes.com/m/oppenheimer_2023
157,Professor Marston & the Wonder Women,https://www.rottentomatoes.com/m/oppenheimer_2023
158,LBJ,https://www.rottentomatoes.com/m/oppenheimer_2023
159,Seberg,https://www.rottentomatoes.com/m/oppenheimer_2023
160,What's The Best Movie of 2023? We Asked Strangers! | On the Street,https://www.rottentomatoes.com/m/oppenheimer_2023
161,Oppenheimer: Featurette - Ensemble,https://www.rottentomatoes.com/m/oppenheimer_2023
162,Oppenheimer: Featurette - Florence Pugh,https://www.rottentomatoes.com/m/oppenheimer_2023
163,Oppenheimer's Ludwig Göransson Breaks Down His Composing Career,https://www.rottentomatoes.com/m/oppenheimer_2023
164,Oppenheimer: Extended Preview - Opening Scene,https://www.rottentomatoes.com/m/oppenheimer_2023
165,"What to Watch: Barbie, Oppenheimer, They Cloned Tyrone, and More!",https://www.rottentomatoes.com/m/oppenheimer_2023
166,"‘Oppenheimer’ Cast on Christopher Nolan’s Vision, The Trinity Test, and More",https://www.rottentomatoes.com/m/oppenheimer_2023
167,Oppenheimer: Featurette - The Score,https://www.rottentomatoes.com/m/oppenheimer_2023
168,Oppenheimer: Featurette - The Trinity Test,https://www.rottentomatoes.com/m/oppenheimer_2023
169,Asking Strangers if They're Seeing Barbie or Oppenheimer,https://www.rottentomatoes.com/m/oppenheimer_2023
170,Oppenheimer: First Look,https://www.rottentomatoes.com/m/oppenheimer_2023
171,"The ‘Oppenheimer’ Cast on Filming the Trinity Test, Immersing Themselves in Their Characters, & More",https://www.rottentomatoes.com/m/oppenheimer_2023
172,Oppenheimer: Most Important,https://www.rottentomatoes.com/m/oppenheimer_2023
173,Oppenheimer: Button,https://www.rottentomatoes.com/m/oppenheimer_2023
174,Oppenheimer: Pedigree,https://www.rottentomatoes.com/m/oppenheimer_2023
175,Oppenheimer: Featurette - The Cast,https://www.rottentomatoes.com/m/oppenheimer_2023
176,Oppenheimer: Featurette - Pushing the Button,https://www.rottentomatoes.com/m/oppenheimer_2023
177,Oppenheimer: Featurette - Shooting for IMAX,https://www.rottentomatoes.com/m/oppenheimer_2023
178,Oppenheimer: Trailer 2,https://www.rottentomatoes.com/m/oppenheimer_2023
179,Oppenheimer: Trailer 1,https://www.rottentomatoes.com/m/oppenheimer_2023
180,Dune: Part Two,https://www.rottentomatoes.com/m/mean_girls_2024
181,Io Capitano,https://www.rottentomatoes.com/m/mean_girls_2024
182,Orion and the Dark,https://www.rottentomatoes.com/m/mean_girls_2024
183,Curb Your Enthusiasm: Season 12,https://www.rottentomatoes.com/m/mean_girls_2024
184,Mamma Mia! Here We Go Again,https://www.rottentomatoes.com/m/mean_girls_2024
185,Eurovision Song Contest: The Story of Fire Saga,https://www.rottentomatoes.com/m/mean_girls_2024
186,Pitch Perfect 2,https://www.rottentomatoes.com/m/mean_girls_2024
187,Mamma Mia!,https://www.rottentomatoes.com/m/mean_girls_2024
188,Pitch Perfect 3,https://www.rottentomatoes.com/m/mean_girls_2024
189,Mean Girls: Featurette - Director,https://www.rottentomatoes.com/m/mean_girls_2024
190,Mean Girls: Featurette - Cast,https://www.rottentomatoes.com/m/mean_girls_2024
191,Mean Girls: Final Trailer - Revenge Party,https://www.rottentomatoes.com/m/mean_girls_2024
192,Mean Girls: Featurette - Choreography,https://www.rottentomatoes.com/m/mean_girls_2024
193,Mean Girls: Featurette - Plastic is Forever,https://www.rottentomatoes.com/m/mean_girls_2024
194,Mean Girls: Teaser - Regina's Version,https://www.rottentomatoes.com/m/mean_girls_2024
195,Mean Girls: Trailer 1,https://www.rottentomatoes.com/m/mean_girls_2024
196,Dune: Part Two,https://www.rottentomatoes.com/m/this_is_me_now_a_love_story
197,Io Capitano,https://www.rottentomatoes.com/m/this_is_me_now_a_love_story
198,Orion and the Dark,https://www.rottentomatoes.com/m/this_is_me_now_a_love_story
199,Curb Your Enthusiasm: Season 12,https://www.rottentomatoes.com/m/this_is_me_now_a_love_story
200,Diana: The Musical,https://www.rottentomatoes.com/m/this_is_me_now_a_love_story
201,Hamilton,https://www.rottentomatoes.com/m/this_is_me_now_a_love_story
202,In the Heights,https://www.rottentomatoes.com/m/this_is_me_now_a_love_story
203,Make Your Move,https://www.rottentomatoes.com/m/this_is_me_now_a_love_story
204,Graffiti Bridge,https://www.rottentomatoes.com/m/this_is_me_now_a_love_story
205,This Is Me... Now: A Love Story: Trailer 1,https://www.rottentomatoes.com/m/this_is_me_now_a_love_story
206,This Is Me…Now: Teaser Trailer,https://www.rottentomatoes.com/m/this_is_me_now_a_love_story
207,Dune: Part Two,https://www.rottentomatoes.com/m/wonka
208,Io Capitano,https://www.rottentomatoes.com/m/wonka
209,Orion and the Dark,https://www.rottentomatoes.com/m/wonka
210,Curb Your Enthusiasm: Season 12,https://www.rottentomatoes.com/m/wonka
211,The Munsters,https://www.rottentomatoes.com/m/wonka
212,"Lyle, Lyle, Crocodile",https://www.rottentomatoes.com/m/wonka
213,Roald Dahl's Matilda the Musical,https://www.rottentomatoes.com/m/wonka
214,Paddington 2,https://www.rottentomatoes.com/m/wonka
215,Sing 2,https://www.rottentomatoes.com/m/wonka
216,Wonka: Extended Preview,https://www.rottentomatoes.com/m/wonka
217,"The ‘Wonka’ Cast on Recording ""Pure Imagination"", Favorite Candy, and More",https://www.rottentomatoes.com/m/wonka
218,"What to Watch: Wonka, New Percy Jackson TV Series, Maestro, & More",https://www.rottentomatoes.com/m/wonka
219,Wonka: Trailer 2,https://www.rottentomatoes.com/m/wonka
220,Wonka: Spot - Soundtrack Out Now!,https://www.rottentomatoes.com/m/wonka
221,"Wonka, The Color Purple and Aquaman and The Lost Kingdom: Exclusive TV Spot - Celebrate this Holiday Season!",https://www.rottentomatoes.com/m/wonka
222,Wonka: Movie Clip - Small Print,https://www.rottentomatoes.com/m/wonka
223,Wonka: Movie Clip - Respectable Size,https://www.rottentomatoes.com/m/wonka
224,Wonka: Movie Clip - My Creation,https://www.rottentomatoes.com/m/wonka
225,Wonka: Movie Clip - Keeping Warm,https://www.rottentomatoes.com/m/wonka
226,Wonka: Movie Clip - Yeti Sweat,https://www.rottentomatoes.com/m/wonka
227,Wonka: Featurette - Recipe for an Icon,https://www.rottentomatoes.com/m/wonka
228,Wonka: Exclusive Featurette - Becoming Wonka,https://www.rottentomatoes.com/m/wonka
229,Wonka: Movie Clip - Try One,https://www.rottentomatoes.com/m/wonka
230,Wonka: Movie Clip - Funny Little Man,https://www.rottentomatoes.com/m/wonka
231,Wonka: Movie Clip - A Good Chocolate,https://www.rottentomatoes.com/m/wonka
232,Wonka: TV Spot - Dreams,https://www.rottentomatoes.com/m/wonka
233,Wonka: Trailer 1,https://www.rottentomatoes.com/m/wonka
234,Dune: Part Two,https://www.rottentomatoes.com/m/the_promised_land_2023
235,Io Capitano,https://www.rottentomatoes.com/m/the_promised_land_2023
236,Orion and the Dark,https://www.rottentomatoes.com/m/the_promised_land_2023
237,Curb Your Enthusiasm: Season 12,https://www.rottentomatoes.com/m/the_promised_land_2023
238,The Last Duel,https://www.rottentomatoes.com/m/the_promised_land_2023
239,Emancipation,https://www.rottentomatoes.com/m/the_promised_land_2023
240,The Beguiled,https://www.rottentomatoes.com/m/the_promised_land_2023
241,Silence,https://www.rottentomatoes.com/m/the_promised_land_2023
242,Mudbound,https://www.rottentomatoes.com/m/the_promised_land_2023
243,The Promised Land: Trailer 1,https://www.rottentomatoes.com/m/the_promised_land_2023
244,Dune: Part Two,https://www.rottentomatoes.com/m/lover_stalker_killer
245,Io Capitano,https://www.rottentomatoes.com/m/lover_stalker_killer
246,Orion and the Dark,https://www.rottentomatoes.com/m/lover_stalker_killer
247,Curb Your Enthusiasm: Season 12,https://www.rottentomatoes.com/m/lover_stalker_killer
248,"Lover, Stalker, Killer: Trailer",https://www.rottentomatoes.com/m/lover_stalker_killer
249,Dune: Part Two,https://www.rottentomatoes.com/m/last_airbender
250,Io Capitano,https://www.rottentomatoes.com/m/last_airbender
251,Orion and the Dark,https://www.rottentomatoes.com/m/last_airbender
252,Curb Your Enthusiasm: Season 12,https://www.rottentomatoes.com/m/last_airbender
253,Harry Potter and the Half-Blood Prince,https://www.rottentomatoes.com/m/last_airbender
254,Journey 2: The Mysterious Island,https://www.rottentomatoes.com/m/last_airbender
255,Mirrormask,https://www.rottentomatoes.com/m/last_airbender
256,Alice Through the Looking Glass,https://www.rottentomatoes.com/m/last_airbender
257,Maleficent: Mistress of Evil,https://www.rottentomatoes.com/m/last_airbender
258,The Last Airbender: Official Clip - The Avatar State,https://www.rottentomatoes.com/m/last_airbender
259,The Last Airbender: Official Clip - Aang vs. Master Pakku,https://www.rottentomatoes.com/m/last_airbender
260,The Last Airbender: Official Clip - The Avatar Escapes,https://www.rottentomatoes.com/m/last_airbender
261,The Last Airbender: Official Clip - Uncle Iroh vs. Commander Zhao,https://www.rottentomatoes.com/m/last_airbender
262,The Last Airbender: Official Clip - The Koi Spirits,https://www.rottentomatoes.com/m/last_airbender
263,The Last Airbender: Official Clip - Zuko vs. Katara,https://www.rottentomatoes.com/m/last_airbender
264,The Last Airbender: Official Clip - Aang vs. Zuko,https://www.rottentomatoes.com/m/last_airbender
265,The Last Airbender: Official Clip - Princess Yue's Sacrifice,https://www.rottentomatoes.com/m/last_airbender
266,The Last Airbender: Official Clip - The Blue Spirit Fight,https://www.rottentomatoes.com/m/last_airbender
267,The Last Airbender: Official Clip - Earthbenders Revolt!,https://www.rottentomatoes.com/m/last_airbender
268,The Last Airbender: Trailer 1,https://www.rottentomatoes.com/m/last_airbender
269,Dune: Part Two,https://www.rottentomatoes.com/m/the_holdovers
270,Io Capitano,https://www.rottentomatoes.com/m/the_holdovers
271,Orion and the Dark,https://www.rottentomatoes.com/m/the_holdovers
272,Curb Your Enthusiasm: Season 12,https://www.rottentomatoes.com/m/the_holdovers
273,The Humans,https://www.rottentomatoes.com/m/the_holdovers
274,Happy Christmas,https://www.rottentomatoes.com/m/the_holdovers
275,The Best Man Holiday,https://www.rottentomatoes.com/m/the_holdovers
276,When You Finish Saving the World,https://www.rottentomatoes.com/m/the_holdovers
277,Downtown Owl,https://www.rottentomatoes.com/m/the_holdovers
278,The Holdovers: Exclusive Movie Clip - Cherries Jubilee,https://www.rottentomatoes.com/m/the_holdovers
279,The Holdovers: Movie Clip - Barton Men Don't Lie,https://www.rottentomatoes.com/m/the_holdovers
280,The Holdovers: Movie Clip - This Is Why I Hate Parties,https://www.rottentomatoes.com/m/the_holdovers
281,The Holdovers: Movie Clip - Stuck Babysitting,https://www.rottentomatoes.com/m/the_holdovers
282,The Holdovers: Movie Clip - No Wonder You’re Afraid of Women,https://www.rottentomatoes.com/m/the_holdovers
283,The Holdovers: Exclusive Movie Clip - The Classroom,https://www.rottentomatoes.com/m/the_holdovers
284,The Holdovers: TV Spot,https://www.rottentomatoes.com/m/the_holdovers
285,The Holdovers: Trailer 1,https://www.rottentomatoes.com/m/the_holdovers
286,Dune: Part Two,https://www.rottentomatoes.com/m/thanksgiving_2023
287,Io Capitano,https://www.rottentomatoes.com/m/thanksgiving_2023
288,Orion and the Dark,https://www.rottentomatoes.com/m/thanksgiving_2023
289,Curb Your Enthusiasm: Season 12,https://www.rottentomatoes.com/m/thanksgiving_2023
290,Scream VI,https://www.rottentomatoes.com/m/thanksgiving_2023
291,It's a Wonderful Knife,https://www.rottentomatoes.com/m/thanksgiving_2023
292,Halloween Ends,https://www.rottentomatoes.com/m/thanksgiving_2023
293,A Creature Was Stirring,https://www.rottentomatoes.com/m/thanksgiving_2023
294,Halloween Kills,https://www.rottentomatoes.com/m/thanksgiving_2023
295,Thanksgiving: Extended Preview,https://www.rottentomatoes.com/m/thanksgiving_2023
296,Thanksgiving: Featurette - The Legend of John Carver,https://www.rottentomatoes.com/m/thanksgiving_2023
297,Thanksgiving: Featurette - Director Eli Roth,https://www.rottentomatoes.com/m/thanksgiving_2023
298,Thanksgiving: TV Spot - A New Horror Legend,https://www.rottentomatoes.com/m/thanksgiving_2023
299,Thanksgiving: Trailer 1,https://www.rottentomatoes.com/m/thanksgiving_2023
300,Thanksgiving: Exclusive Trailer,https://www.rottentomatoes.com/m/thanksgiving_2023
301,Dune: Part Two,https://www.rottentomatoes.com/m/mea_culpa_2024
302,Io Capitano,https://www.rottentomatoes.com/m/mea_culpa_2024
303,Orion and the Dark,https://www.rottentomatoes.com/m/mea_culpa_2024
304,Curb Your Enthusiasm: Season 12,https://www.rottentomatoes.com/m/mea_culpa_2024
305,Reptile,https://www.rottentomatoes.com/m/mea_culpa_2024
306,Lou,https://www.rottentomatoes.com/m/mea_culpa_2024
307,Killers of the Flower Moon,https://www.rottentomatoes.com/m/mea_culpa_2024
308,Pain Hustlers,https://www.rottentomatoes.com/m/mea_culpa_2024
309,Outlaws,https://www.rottentomatoes.com/m/mea_culpa_2024
310,Mea Culpa: Trailer 1,https://www.rottentomatoes.com/m/mea_culpa_2024
311,Dune: Part Two,https://www.rottentomatoes.com/m/memory_2023
312,Io Capitano,https://www.rottentomatoes.com/m/memory_2023
313,Orion and the Dark,https://www.rottentomatoes.com/m/memory_2023
314,Curb Your Enthusiasm: Season 12,https://www.rottentomatoes.com/m/memory_2023
315,Aftersun,https://www.rottentomatoes.com/m/memory_2023
316,A Thousand and One,https://www.rottentomatoes.com/m/memory_2023
317,Compartment No. 6,https://www.rottentomatoes.com/m/memory_2023
318,Wander Darkly,https://www.rottentomatoes.com/m/memory_2023
319,Rare Objects,https://www.rottentomatoes.com/m/memory_2023
320,Memory: Trailer 1,https://www.rottentomatoes.com/m/memory_2023
321,Dune: Part Two,https://www.rottentomatoes.com/m/upgraded
322,Io Capitano,https://www.rottentomatoes.com/m/upgraded
323,Orion and the Dark,https://www.rottentomatoes.com/m/upgraded
324,Curb Your Enthusiasm: Season 12,https://www.rottentomatoes.com/m/upgraded
325,Upgraded: Exclusive Sneak Peek - You've Just Been Upgraded,https://www.rottentomatoes.com/m/upgraded
326,Upgraded: Trailer 1,https://www.rottentomatoes.com/m/upgraded
327,Dune: Part Two,https://www.rottentomatoes.com/m/killers_of_the_flower_moon
328,Io Capitano,https://www.rottentomatoes.com/m/killers_of_the_flower_moon
329,Orion and the Dark,https://www.rottentomatoes.com/m/killers_of_the_flower_moon
330,Curb Your Enthusiasm: Season 12,https://www.rottentomatoes.com/m/killers_of_the_flower_moon
331,The Irishman,https://www.rottentomatoes.com/m/killers_of_the_flower_moon
332,Boston Strangler,https://www.rottentomatoes.com/m/killers_of_the_flower_moon
333,Reptile,https://www.rottentomatoes.com/m/killers_of_the_flower_moon
334,Lou,https://www.rottentomatoes.com/m/killers_of_the_flower_moon
335,Pain Hustlers,https://www.rottentomatoes.com/m/killers_of_the_flower_moon
336,'Killers of the Flower Moon' Cast Detail Their Creative Processes & What Drew Them to the Film,https://www.rottentomatoes.com/m/killers_of_the_flower_moon
337,Killers of the Flower Moon: Extended Preview,https://www.rottentomatoes.com/m/killers_of_the_flower_moon
338,Killers of the Flower Moon: Featurette - Family Bonds,https://www.rottentomatoes.com/m/killers_of_the_flower_moon
339,Killers of the Flower Moon: Movie Clip - Head Rights,https://www.rottentomatoes.com/m/killers_of_the_flower_moon
340,Killers of the Flower Moon: Movie Clip - She's My Wife,https://www.rottentomatoes.com/m/killers_of_the_flower_moon
341,Killers of the Flower Moon: Final Trailer,https://www.rottentomatoes.com/m/killers_of_the_flower_moon
342,Killers of the Flower Moon: Movie Clip - Coyote,https://www.rottentomatoes.com/m/killers_of_the_flower_moon
343,Killers of the Flower Moon: Featurette - Voices,https://www.rottentomatoes.com/m/killers_of_the_flower_moon
344,Killers of the Flower Moon: Featurette - A Shared Vision,https://www.rottentomatoes.com/m/killers_of_the_flower_moon
345,Killers of the Flower Moon: Movie Clip - Front of the Head,https://www.rottentomatoes.com/m/killers_of_the_flower_moon
346,Killers of the Flower Moon: Featurette - Robert De Niro as William King Hale,https://www.rottentomatoes.com/m/killers_of_the_flower_moon
347,Killers of the Flower Moon: Featurette - Lily Gladstone as Mollie Burkhart,https://www.rottentomatoes.com/m/killers_of_the_flower_moon
348,Killers of the Flower Moon: Featurette - Leonardo DiCaprio as Ernest Burkhart,https://www.rottentomatoes.com/m/killers_of_the_flower_moon
349,Killers of the Flower Moon: Movie Clip - Handsome Devil,https://www.rottentomatoes.com/m/killers_of_the_flower_moon
350,Killers of the Flower Moon: Exclusive Featurette - An Inside Look,https://www.rottentomatoes.com/m/killers_of_the_flower_moon
351,Killers of the Flower Moon: Trailer 2,https://www.rottentomatoes.com/m/killers_of_the_flower_moon
352,Killers of the Flower Moon: Trailer 1,https://www.rottentomatoes.com/m/killers_of_the_flower_moon
353,Killers of the Flower Moon: Teaser Trailer,https://www.rottentomatoes.com/m/killers_of_the_flower_moon
354,Dune: Part Two,https://www.rottentomatoes.com/m/the_marvels
355,Io Capitano,https://www.rottentomatoes.com/m/the_marvels
356,Orion and the Dark,https://www.rottentomatoes.com/m/the_marvels
357,Curb Your Enthusiasm: Season 12,https://www.rottentomatoes.com/m/the_marvels
358,Eternals,https://www.rottentomatoes.com/m/the_marvels
359,Captain America: Civil War,https://www.rottentomatoes.com/m/the_marvels
360,Thor: The Dark World,https://www.rottentomatoes.com/m/the_marvels
361,Captain Marvel,https://www.rottentomatoes.com/m/the_marvels
362,Thor,https://www.rottentomatoes.com/m/the_marvels
363,The Marvels: Extended Preview,https://www.rottentomatoes.com/m/the_marvels
364,The Marvels: The Meowvels - Now Playing in Theaters,https://www.rottentomatoes.com/m/the_marvels
365,The Marvels: Featurette - Reunited,https://www.rottentomatoes.com/m/the_marvels
366,The Marvels: Featurette - An Epic Score,https://www.rottentomatoes.com/m/the_marvels
367,The Marvels: Teaser - The Return of Captain Rambeau,https://www.rottentomatoes.com/m/the_marvels
368,The Marvels: Teaser - The Return of Ms. Marvel,https://www.rottentomatoes.com/m/the_marvels
369,"‘The Marvels’ Director on Mapping Fight Scenes, Bringing Humor to the Film, & More",https://www.rottentomatoes.com/m/the_marvels
370,The Marvels: Final Trailer,https://www.rottentomatoes.com/m/the_marvels
371,4 Things You Need to Know Before Watching 'The Marvels',https://www.rottentomatoes.com/m/the_marvels
372,Asking Strangers Who The Greatest MCU Villain Is,https://www.rottentomatoes.com/m/the_marvels
373,The Marvels: Movie Clip - Friends of Yours?,https://www.rottentomatoes.com/m/the_marvels
374,The Marvels: Teaser - Beginning,https://www.rottentomatoes.com/m/the_marvels
375,The Marvels: Featurette - Evolution of Captain Marvel,https://www.rottentomatoes.com/m/the_marvels
376,The Marvels: TV Spot - Legacy,https://www.rottentomatoes.com/m/the_marvels
377,The Marvels: Spot - Prepared,https://www.rottentomatoes.com/m/the_marvels
378,The Marvels: Spot - The Return of Captain Marvel,https://www.rottentomatoes.com/m/the_marvels
379,The Marvels: Exclusive Featurette - Introducing The Marvels,https://www.rottentomatoes.com/m/the_marvels
380,The Marvels: TV Spot - Fight,https://www.rottentomatoes.com/m/the_marvels
381,The Marvels: IMAX Teaser,https://www.rottentomatoes.com/m/the_marvels
382,The Marvels: Featurette - Journey to the Marvels,https://www.rottentomatoes.com/m/the_marvels
383,Dune: Part Two,https://www.rottentomatoes.com/m/tenet
384,Io Capitano,https://www.rottentomatoes.com/m/tenet
385,Orion and the Dark,https://www.rottentomatoes.com/m/tenet
386,Curb Your Enthusiasm: Season 12,https://www.rottentomatoes.com/m/tenet
387,Inception,https://www.rottentomatoes.com/m/tenet
388,Infinite,https://www.rottentomatoes.com/m/tenet
389,Kin,https://www.rottentomatoes.com/m/tenet
390,Transcendence,https://www.rottentomatoes.com/m/tenet
391,Source Code,https://www.rottentomatoes.com/m/tenet
392,Tenet: Re-Release Trailer,https://www.rottentomatoes.com/m/tenet
393,Rotten Tomatoes is Wrong About... Tenet,https://www.rottentomatoes.com/m/tenet
394,What is the Future of Moviegoing?,https://www.rottentomatoes.com/m/tenet
395,Tenet: Behind the Scenes,https://www.rottentomatoes.com/m/tenet
396,Tenet: Final Trailer,https://www.rottentomatoes.com/m/tenet
397,What We Know About 'Tenet',https://www.rottentomatoes.com/m/tenet
398,Tenet: Trailer 2,https://www.rottentomatoes.com/m/tenet
399,Tenet: Trailer 1,https://www.rottentomatoes.com/m/tenet
400,Dune: Part Two,https://www.rottentomatoes.com/m/past_lives
401,Io Capitano,https://www.rottentomatoes.com/m/past_lives
402,Orion and the Dark,https://www.rottentomatoes.com/m/past_lives
403,Curb Your Enthusiasm: Season 12,https://www.rottentomatoes.com/m/past_lives
404,The Best of Me,https://www.rottentomatoes.com/m/past_lives
405,All My Life,https://www.rottentomatoes.com/m/past_lives
406,Photograph,https://www.rottentomatoes.com/m/past_lives
407,A Journal for Jordan,https://www.rottentomatoes.com/m/past_lives
408,The In Between,https://www.rottentomatoes.com/m/past_lives
409,Past Lives: Movie Clip - When Is He Leaving?,https://www.rottentomatoes.com/m/past_lives
410,Past Lives: TV Spot - Destiny,https://www.rottentomatoes.com/m/past_lives
411,Past Lives: Trailer 1,https://www.rottentomatoes.com/m/past_lives
412,Dune: Part Two,https://www.rottentomatoes.com/m/saltburn
413,Io Capitano,https://www.rottentomatoes.com/m/saltburn
414,Orion and the Dark,https://www.rottentomatoes.com/m/saltburn
415,Curb Your Enthusiasm: Season 12,https://www.rottentomatoes.com/m/saltburn
416,Dream Scenario,https://www.rottentomatoes.com/m/saltburn
417,Death of a Telemarketer,https://www.rottentomatoes.com/m/saltburn
418,The Family Fang,https://www.rottentomatoes.com/m/saltburn
419,The New Girlfriend,https://www.rottentomatoes.com/m/saltburn
420,Medusa Deluxe,https://www.rottentomatoes.com/m/saltburn
421,Saltburn: Movie Clip - Why We Love Him,https://www.rottentomatoes.com/m/saltburn
422,Saltburn: Movie Clip - Hot Summer,https://www.rottentomatoes.com/m/saltburn
423,Saltburn: Movie Clip - Your Round,https://www.rottentomatoes.com/m/saltburn
424,Saltburn: Movie Clip - Meet the Family,https://www.rottentomatoes.com/m/saltburn
425,Saltburn: Movie Clip - Found a Flat,https://www.rottentomatoes.com/m/saltburn
426,Saltburn: Movie Clip - Full Flat Tire,https://www.rottentomatoes.com/m/saltburn
427,Saltburn: Trailer 1,https://www.rottentomatoes.com/m/saltburn
428,Saltburn: Teaser Trailer,https://www.rottentomatoes.com/m/saltburn
